scenario	lib	agents	ns_per_agent_tick	bytes_per_agent
select8	flatbt	1	16.60	2
select8	flatbt	10	20.57	2
select8	flatbt	100	16.93	2
select8	flatbt	1000	16.35	2
select8	flatbt	10000	17.42	2
select8	flatbt	100000	25.48	2
select8	flatbt	1000000	51.27	2
patrol	flatbt	1	6.55	1
patrol	flatbt	10	7.72	1
patrol	flatbt	100	5.92	1
patrol	flatbt	1000	6.94	1
patrol	flatbt	10000	7.62	1
patrol	flatbt	100000	15.01	1
patrol	flatbt	1000000	35.46	1
guard	flatbt	1	8.86	2
guard	flatbt	10	16.23	2
guard	flatbt	100	15.97	2
guard	flatbt	1000	16.91	2
guard	flatbt	10000	13.87	2
guard	flatbt	100000	17.24	2
guard	flatbt	1000000	40.42	2
soldier	flatbt	1	24.93	3
soldier	flatbt	10	31.55	3
soldier	flatbt	100	31.71	3
soldier	flatbt	1000	31.62	3
soldier	flatbt	10000	27.57	3
soldier	flatbt	100000	26.16	3
soldier	flatbt	1000000	45.61	3
villager	flatbt	1	24.15	40
villager	flatbt	10	35.44	40
villager	flatbt	100	36.89	40
villager	flatbt	1000	38.98	40
villager	flatbt	10000	41.58	40
villager	flatbt	100000	38.01	40
villager	flatbt	1000000	58.17	40
select8	bonsai-bt	1	1149.42	2224
select8	bonsai-bt	10	1114.49	2224
select8	bonsai-bt	100	1178.32	2224
select8	bonsai-bt	1000	1322.07	2224
select8	bonsai-bt	10000	1507.65	2224
select8	bonsai-bt	100000	1525.44	2224
select8	bonsai-bt	1000000	1569.56	2224
patrol	bonsai-bt	1	22.88	488
patrol	bonsai-bt	10	19.07	488
patrol	bonsai-bt	100	19.01	488
patrol	bonsai-bt	1000	17.59	488
patrol	bonsai-bt	10000	39.54	488
patrol	bonsai-bt	100000	50.47	488
patrol	bonsai-bt	1000000	88.81	488
guard	bonsai-bt	1	54.71	1304
guard	bonsai-bt	10	59.24	1304
guard	bonsai-bt	100	59.62	1304
guard	bonsai-bt	1000	68.75	1304
guard	bonsai-bt	10000	163.64	1304
guard	bonsai-bt	100000	325.84	1304
guard	bonsai-bt	1000000	175.73	1304
soldier	bonsai-bt	1	357.01	5664
soldier	bonsai-bt	10	376.87	5664
soldier	bonsai-bt	100	375.76	5664
soldier	bonsai-bt	1000	592.03	5664
soldier	bonsai-bt	10000	1494.64	5664
soldier	bonsai-bt	100000	1169.15	5664
select8	behavior-tree	1	342.75	6120
select8	behavior-tree	10	357.67	6120
select8	behavior-tree	100	354.85	6120
select8	behavior-tree	1000	749.65	6120
select8	behavior-tree	10000	1518.55	6120
select8	behavior-tree	100000	1515.88	6120
patrol	behavior-tree	1	47.17	1144
patrol	behavior-tree	10	46.89	1144
patrol	behavior-tree	100	49.87	1144
patrol	behavior-tree	1000	48.30	1144
patrol	behavior-tree	10000	76.86	1144
patrol	behavior-tree	100000	176.47	1144
patrol	behavior-tree	1000000	196.58	1144
guard	behavior-tree	1	104.33	3140
guard	behavior-tree	10	108.92	3140
guard	behavior-tree	100	103.68	3140
guard	behavior-tree	1000	135.87	3140
guard	behavior-tree	10000	443.64	3140
guard	behavior-tree	100000	828.37	3140
soldier	behavior-tree	1	180.62	16852
soldier	behavior-tree	10	185.22	16852
soldier	behavior-tree	100	210.09	16852
soldier	behavior-tree	1000	681.83	16852
soldier	behavior-tree	10000	1236.49	16852
soldier	behavior-tree	100000	1106.69	16852
select8	bhv	1	44.04	1072
select8	bhv	10	54.80	1072
select8	bhv	100	50.38	1072
select8	bhv	1000	62.43	1072
select8	bhv	10000	109.01	1072
select8	bhv	100000	283.43	1072
select8	bhv	1000000	292.88	1072
patrol	bhv	1	11.38	208
patrol	bhv	10	9.84	208
patrol	bhv	100	8.95	208
patrol	bhv	1000	8.88	208
patrol	bhv	10000	20.34	208
patrol	bhv	100000	21.23	208
patrol	bhv	1000000	52.03	208
guard	bhv	1	12.95	552
guard	bhv	10	16.53	552
guard	bhv	100	17.85	552
guard	bhv	1000	18.32	552
guard	bhv	10000	54.54	552
guard	bhv	100000	128.77	552
guard	bhv	1000000	130.66	552
soldier	bhv	1	33.58	2920
soldier	bhv	10	49.38	2920
soldier	bhv	100	69.49	2920
soldier	bhv	1000	86.60	2920
soldier	bhv	10000	251.01	2920
soldier	bhv	100000	425.48	2920
soldier	bhv	1000000	244.39	2920
villager	bhv	1	23.95	2256
villager	bhv	10	34.72	2256
villager	bhv	100	59.35	2256
villager	bhv	1000	75.63	2256
villager	bhv	10000	246.22	2256
villager	bhv	100000	535.91	2256
villager	bhv	1000000	374.31	2256
select8	behavior-tree-lite	1	183.27	5576
select8	behavior-tree-lite	10	185.53	5576
select8	behavior-tree-lite	100	198.88	5576
select8	behavior-tree-lite	1000	522.48	5576
select8	behavior-tree-lite	10000	1210.38	5576
select8	behavior-tree-lite	100000	1251.34	5576
patrol	behavior-tree-lite	1	33.25	840
patrol	behavior-tree-lite	10	32.53	840
patrol	behavior-tree-lite	100	37.39	840
patrol	behavior-tree-lite	1000	36.68	840
patrol	behavior-tree-lite	10000	50.79	840
patrol	behavior-tree-lite	100000	121.46	840
patrol	behavior-tree-lite	1000000	138.22	840
guard	behavior-tree-lite	1	53.03	2448
guard	behavior-tree-lite	10	47.30	2448
guard	behavior-tree-lite	100	52.74	2448
guard	behavior-tree-lite	1000	77.65	2448
guard	behavior-tree-lite	10000	241.04	2448
guard	behavior-tree-lite	100000	456.37	2448
guard	behavior-tree-lite	1000000	436.75	2448
soldier	behavior-tree-lite	1	81.37	14640
soldier	behavior-tree-lite	10	88.39	14640
soldier	behavior-tree-lite	100	112.78	14640
soldier	behavior-tree-lite	1000	276.13	14640
soldier	behavior-tree-lite	10000	794.85	14640
soldier	behavior-tree-lite	100000	936.87	14640
villager	behavior-tree-lite	1	91.06	12448
villager	behavior-tree-lite	10	99.78	12448
villager	behavior-tree-lite	100	124.04	12448
villager	behavior-tree-lite	1000	301.04	12448
villager	behavior-tree-lite	10000	1169.76	12448
villager	behavior-tree-lite	100000	1193.39	12448
